<application>
  <component name="ProjectManager">
    <defaultProject>
      <component name="DefaultGradleProjectSettings">
        <option name="isMigrated" value="true" />
      </component>
      <component name="GradleLocalSettings">
        <option name="projectSyncType">
          <map>
            <entry key="$USER_HOME$/Development/Functional-Kotlin/Chapter11" value="PREVIEW" />
            <entry key="$USER_HOME$/Development/Functional-Kotlin/Chapter12" value="PREVIEW" />
            <entry key="$USER_HOME$/Development/Java-DB-IP" value="PREVIEW" />
            <entry key="$USER_HOME$/Development/KotlinKatas" value="PREVIEW" />
            <entry key="$USER_HOME$/Development/Riiid/blog" value="PREVIEW" />
            <entry key="$USER_HOME$/Development/Riiid/contents-consuming-service" value="PREVIEW" />
            <entry key="$USER_HOME$/Development/Riiid/kotlin-examples/lambda/graphql" value="PREVIEW" />
            <entry key="$USER_HOME$/Development/Riiid/kotlin-examples/lambda/kotlin-lambda-gql-bp" value="PREVIEW" />
            <entry key="$USER_HOME$/Development/Riiid/kotlin-spring-tut" value="PREVIEW" />
            <entry key="$USER_HOME$/Development/Riiid/parser-hml" value="PREVIEW" />
            <entry key="$USER_HOME$/Development/Riiid/santa-cms" value="PREVIEW" />
            <entry key="$USER_HOME$/Development/Riiid/santa-sat" value="PREVIEW" />
            <entry key="$USER_HOME$/Development/Riiid/spring-gql-tut" value="PREVIEW" />
            <entry key="$USER_HOME$/Development/Riiid/squad_pashi/EyeOfAgamotto/deltaScore/kotlin" value="PREVIEW" />
            <entry key="$USER_HOME$/Development/Riiid/techtopia" value="PREVIEW" />
            <entry key="$USER_HOME$/Development/kotlin-and-gradle-study" value="PREVIEW" />
            <entry key="$USER_HOME$/Development/kotlin-arrow-test" value="PREVIEW" />
          </map>
        </option>
      </component>
      <component name="PropertiesComponent">
        <property name="nodejs_interpreter_path.stuck_in_default_project" value="undefined stuck path" />
        <property name="nodejs_npm_path_reset_for_default_project" value="true" />
      </component>
      <component name="masterDetails">
        <states>
          <state key="ProjectJDKs.UI">
            <settings>
              <last-edited>11</last-edited>
              <splitter-proportions>
                <option name="proportions">
                  <list>
                    <option value="0.2" />
                  </list>
                </option>
              </splitter-proportions>
            </settings>
          </state>
        </states>
      </component>
    </defaultProject>
  </component>
</application>